code,number,name,frequency,coverage
1,1,black-c,62358,11135.3204744
2,2,grey-c,62310,12712.8431287
3,3,white-c,62054,5778.03820407
4,4,brown-c,61583,14549.6524542
5,5,green-c,61508,5049.98973538
6,6,pink-c,60755,1478.51858238
7,7,purple-c,59516,865.041518839
8,8,blue-c,57825,4899.17412108
9,9,yellow-c,57560,2730.58728273
10,10,red-c,55938,1678.05972937
11,11,orange-c,50369,2427.7747689
